file,precision_at_20,mrr,ndcg_at_20,method,panel_recall,panel_diversity,panel_diversity_string
aea_results.json,0.55,0.72,0.77,aea_results,0.7,4.8,
baselines.json,0.3,0.25,0.2677790403945625,simple_score_rank,0.1,4.106060606060606,
baselines.json,0.4,1.0,0.503818374209601,cma_es_weighted_sum,0.075,6.757575757575758,
cma_es_results.json,0.25,1.0,0.291912042751809,cma_es_results,0.15,5.03,
cma_es_results_string.json,0.25,1.0,0.291912042751809,cma_es_results_string,0.15,5.03,3.696969696969697
cma_es_results_with_gold.json,0.25,1.0,0.291912042751809,cma_es_results_with_gold,0.15,5.03,
morphantic_aea.json,0.45,1.0,0.5597809438400521,morphantic_aea,0.075,6.803030303030303,
ot_local_DOID_0050890.json,1.0,1.0,1.0,ot_local_DOID_0050890,,,
simple_results.json,0.15,0.07142857142857142,0.10275755139284115,simple_results,0.0,3.39,
